<?xml version="1.0" encoding="UTF-8"?>
<project-private xmlns="http://www.netbeans.org/ns/project-private/1">
    <editor-bookmarks xmlns="http://www.netbeans.org/ns/editor-bookmarks/2" lastBookmarkId="0"/>
    <open-files xmlns="http://www.netbeans.org/ns/projectui-open-files/2">
        <group>
            <file>file:/C:/Users/Edu/Desktop/Argentina%204.0%20Programación/Nivel%202/Guía%2012%20-%20Herencia/Guia12Ejemplo4TC/src/Interfaces/Interfaces.java</file>
            <file>file:/C:/Users/Edu/Desktop/Argentina%204.0%20Programación/Nivel%202/Guía%2012%20-%20Herencia/Guia12Ejemplo4TC/src/Interfaces/Circulo.java</file>
            <file>file:/C:/Users/Edu/Desktop/Argentina%204.0%20Programación/Nivel%202/Guía%2012%20-%20Herencia/Guia12Ejemplo4TC/src/Interfaces/Cuadrado.java</file>
        </group>
    </open-files>
</project-private>
